dataset,weight,config,search,N,D,Mcoef,nbits,k,ef,build_ms,memory_mb,avg_us,p50_us,p95_us,qps,batch_qps,recall_at_k,exact_avg_us,speedup_vs_exact,fftw
clustered,identity,mih_m16_b32,mih,8192,256,16,32,10,10,22.795,1.219,16.982,16.288,18.401,58886.2,57136.6,0.043750,3828.191,225.43,0
clustered,identity,mih_m16_b32,mih,8192,256,16,32,10,20,22.795,1.219,18.143,17.824,19.169,55116.9,54949.3,0.060417,3828.191,211.00,0
clustered,identity,mih_m16_b32,mih,8192,256,16,32,10,40,22.795,1.219,22.777,22.465,25.537,43904.4,44859.0,0.068750,3828.191,168.07,0
clustered,identity,mih_m16_b32,mih,8192,256,16,32,10,80,22.795,1.219,90.776,78.723,165.957,11016.2,11260.6,0.100000,3828.191,42.17,0
clustered,identity,mih_m16_b32,mih,8192,256,16,32,10,160,22.795,1.219,99.207,79.394,187.623,10080.0,10285.3,0.125000,3828.191,38.59,0
clustered,identity,mih_m16_b32,mih,8192,256,16,32,10,8192,22.795,1.219,94.427,91.075,123.300,10590.2,10526.2,0.158333,3828.191,40.54,0
clustered,matern,mih_m16_b32,mih,8192,256,16,32,10,10,22.795,1.219,17.753,17.472,18.849,56329.8,57513.4,0.033333,3825.394,215.48,0
clustered,matern,mih_m16_b32,mih,8192,256,16,32,10,20,22.795,1.219,18.027,17.633,19.168,55471.5,56249.5,0.050000,3825.394,212.20,0
clustered,matern,mih_m16_b32,mih,8192,256,16,32,10,40,22.795,1.219,22.597,22.401,24.897,44254.1,45085.5,0.050000,3825.394,169.29,0
clustered,matern,mih_m16_b32,mih,8192,256,16,32,10,80,22.795,1.219,89.574,77.699,164.326,11163.9,11407.5,0.075000,3825.394,42.71,0
clustered,matern,mih_m16_b32,mih,8192,256,16,32,10,160,22.795,1.219,97.520,78.722,187.238,10254.3,10187.9,0.095833,3825.394,39.23,0
clustered,matern,mih_m16_b32,mih,8192,256,16,32,10,8192,22.795,1.219,91.463,87.747,126.372,10933.4,10936.3,0.114583,3825.394,41.82,0
clustered,sobolev,mih_m16_b32,mih,8192,256,16,32,10,10,22.795,1.219,18.007,17.441,19.617,55533.1,57335.3,0.035417,3831.739,212.79,0
clustered,sobolev,mih_m16_b32,mih,8192,256,16,32,10,20,22.795,1.219,17.864,17.600,18.945,55978.7,56380.6,0.045833,3831.739,214.50,0
clustered,sobolev,mih_m16_b32,mih,8192,256,16,32,10,40,22.795,1.219,22.548,22.241,24.833,44349.7,44985.5,0.054167,3831.739,169.94,0
clustered,sobolev,mih_m16_b32,mih,8192,256,16,32,10,80,22.795,1.219,89.355,76.131,156.229,11191.3,11410.4,0.072917,3831.739,42.88,0
clustered,sobolev,mih_m16_b32,mih,8192,256,16,32,10,160,22.795,1.219,97.546,77.666,186.983,10251.6,10284.8,0.091667,3831.739,39.28,0
clustered,sobolev,mih_m16_b32,mih,8192,256,16,32,10,8192,22.795,1.219,94.350,92.195,124.932,10598.8,10528.6,0.122917,3831.739,40.61,0
clustered,identity,mih_m32_b32,mih,8192,256,32,32,10,10,22.104,1.719,16.499,16.032,17.473,60609.0,56904.7,0.043750,3828.191,232.02,0
clustered,identity,mih_m32_b32,mih,8192,256,32,32,10,20,22.104,1.719,18.611,17.985,19.456,53732.7,55373.2,0.062500,3828.191,205.70,0
clustered,identity,mih_m32_b32,mih,8192,256,32,32,10,40,22.104,1.719,23.117,22.816,25.313,43258.6,44267.2,0.077083,3828.191,165.60,0
clustered,identity,mih_m32_b32,mih,8192,256,32,32,10,80,22.104,1.719,92.356,81.347,171.174,10827.6,11135.7,0.114583,3828.191,41.45,0
clustered,identity,mih_m32_b32,mih,8192,256,32,32,10,160,22.104,1.719,100.172,82.275,191.622,9982.8,10088.7,0.160417,3828.191,38.22,0
clustered,identity,mih_m32_b32,mih,8192,256,32,32,10,8192,22.104,1.719,122.064,115.107,173.350,8192.4,8323.1,0.195833,3828.191,31.36,0
clustered,matern,mih_m32_b32,mih,8192,256,32,32,10,10,22.104,1.719,17.847,17.569,19.041,56031.0,57263.1,0.033333,3825.394,214.34,0
clustered,matern,mih_m32_b32,mih,8192,256,32,32,10,20,22.104,1.719,18.099,17.825,19.137,55250.9,55667.1,0.043750,3825.394,211.36,0
clustered,matern,mih_m32_b32,mih,8192,256,32,32,10,40,22.104,1.719,23.076,22.657,26.113,43334.9,44531.4,0.052083,3825.394,165.77,0
clustered,matern,mih_m32_b32,mih,8192,256,32,32,10,80,22.104,1.719,90.550,83.107,158.597,11043.7,11281.2,0.079167,3825.394,42.25,0
clustered,matern,mih_m32_b32,mih,8192,256,32,32,10,160,22.104,1.719,99.612,80.706,190.534,10039.0,10094.4,0.108333,3825.394,38.40,0
clustered,matern,mih_m32_b32,mih,8192,256,32,32,10,8192,22.104,1.719,114.799,104.483,172.550,8710.9,8882.3,0.125000,3825.394,33.32,0
clustered,sobolev,mih_m32_b32,mih,8192,256,32,32,10,10,22.104,1.719,18.001,17.569,19.553,55553.7,57348.5,0.035417,3831.739,212.87,0
clustered,sobolev,mih_m32_b32,mih,8192,256,32,32,10,20,22.104,1.719,18.039,17.824,19.073,55436.7,55764.4,0.047917,3831.739,212.42,0
clustered,sobolev,mih_m32_b32,mih,8192,256,32,32,10,40,22.104,1.719,22.965,22.528,26.433,43543.7,44498.3,0.056250,3831.739,166.85,0
clustered,sobolev,mih_m32_b32,mih,8192,256,32,32,10,80,22.104,1.719,90.572,81.443,160.357,11041.0,11129.5,0.085417,3831.739,42.31,0
clustered,sobolev,mih_m32_b32,mih,8192,256,32,32,10,160,22.104,1.719,100.123,79.874,189.606,9987.7,10023.6,0.106250,3831.739,38.27,0
clustered,sobolev,mih_m32_b32,mih,8192,256,32,32,10,8192,22.104,1.719,120.843,115.204,171.622,8275.2,8374.8,0.135417,3831.739,31.71,0
clustered,identity,mih_m32_b64,mih,8192,256,32,64,10,10,38.355,2.313,23.911,23.680,27.969,41822.1,40746.2,0.056250,3828.191,160.10,0
clustered,identity,mih_m32_b64,mih,8192,256,32,64,10,20,38.355,2.313,25.254,25.153,28.865,39598.4,39989.1,0.087500,3828.191,151.59,0
clustered,identity,mih_m32_b64,mih,8192,256,32,64,10,40,38.355,2.313,31.404,31.169,35.905,31843.4,32757.1,0.114583,3828.191,121.90,0
clustered,identity,mih_m32_b64,mih,8192,256,32,64,10,80,38.355,2.313,227.676,233.320,344.204,4392.2,4392.8,0.166667,3828.191,16.81,0
clustered,identity,mih_m32_b64,mih,8192,256,32,64,10,160,38.355,2.313,305.685,246.728,729.080,3271.3,3249.4,0.177083,3828.191,12.52,0
clustered,identity,mih_m32_b64,mih,8192,256,32,64,10,8192,38.355,2.313,137.072,133.349,182.086,7295.4,7368.5,0.195833,3828.191,27.93,0
clustered,matern,mih_m32_b64,mih,8192,256,32,64,10,10,38.355,2.313,25.602,25.280,29.409,39059.2,40833.8,0.041667,3825.394,149.42,0
clustered,matern,mih_m32_b64,mih,8192,256,32,64,10,20,38.355,2.313,25.111,24.960,28.513,39823.4,39929.5,0.058333,3825.394,152.34,0
clustered,matern,mih_m32_b64,mih,8192,256,32,64,10,40,38.355,2.313,31.212,31.201,35.425,32039.3,32753.6,0.079167,3825.394,122.56,0
clustered,matern,mih_m32_b64,mih,8192,256,32,64,10,80,38.355,2.313,228.036,231.463,352.428,4385.3,4432.5,0.100000,3825.394,16.78,0
clustered,matern,mih_m32_b64,mih,8192,256,32,64,10,160,38.355,2.313,306.486,250.345,723.000,3262.8,3259.8,0.118750,3825.394,12.48,0
clustered,matern,mih_m32_b64,mih,8192,256,32,64,10,8192,38.355,2.313,132.678,131.172,183.622,7537.0,7638.2,0.125000,3825.394,28.83,0
clustered,sobolev,mih_m32_b64,mih,8192,256,32,64,10,10,38.355,2.313,25.425,25.089,29.345,39331.6,40901.8,0.041667,3831.739,150.71,0
clustered,sobolev,mih_m32_b64,mih,8192,256,32,64,10,20,38.355,2.313,25.018,24.961,28.385,39971.0,40010.4,0.060417,3831.739,153.16,0
clustered,sobolev,mih_m32_b64,mih,8192,256,32,64,10,40,38.355,2.313,31.063,31.041,35.905,32192.6,32740.7,0.075000,3831.739,123.35,0
clustered,sobolev,mih_m32_b64,mih,8192,256,32,64,10,80,38.355,2.313,227.103,230.696,342.923,4403.3,4459.7,0.122917,3831.739,16.87,0
clustered,sobolev,mih_m32_b64,mih,8192,256,32,64,10,160,38.355,2.313,305.680,245.864,722.200,3271.4,3258.0,0.127083,3831.739,12.54,0
clustered,sobolev,mih_m32_b64,mih,8192,256,32,64,10,8192,38.355,2.313,136.772,132.196,182.662,7311.4,7440.1,0.135417,3831.739,28.02,0
clustered,identity,hybrid_m32_b64,hybrid,8192,256,32,64,10,10,36.305,2.313,23.845,23.424,27.744,41937.9,40843.9,0.056250,3828.191,160.55,0
clustered,identity,hybrid_m32_b64,hybrid,8192,256,32,64,10,20,36.305,2.313,25.544,25.537,28.449,39148.9,39619.4,0.087500,3828.191,149.87,0
clustered,identity,hybrid_m32_b64,hybrid,8192,256,32,64,10,40,36.305,2.313,26.563,26.241,29.825,37646.5,38100.7,0.118750,3828.191,144.12,0
clustered,identity,hybrid_m32_b64,hybrid,8192,256,32,64,10,80,36.305,2.313,46.566,44.706,54.914,21475.1,21747.9,0.162500,3828.191,82.21,0
clustered,identity,hybrid_m32_b64,hybrid,8192,256,32,64,10,160,36.305,2.313,308.612,251.305,724.632,3240.3,3263.9,0.183333,3828.191,12.40,0
clustered,identity,hybrid_m32_b64,hybrid,8192,256,32,64,10,8192,36.305,2.313,136.395,132.325,181.350,7331.7,7338.6,0.195833,3828.191,28.07,0
clustered,matern,hybrid_m32_b64,hybrid,8192,256,32,64,10,10,36.305,2.313,25.252,24.993,28.864,39600.6,40526.1,0.041667,3825.394,151.49,0
clustered,matern,hybrid_m32_b64,hybrid,8192,256,32,64,10,20,36.305,2.313,25.319,25.249,28.769,39496.3,39185.7,0.060417,3825.394,151.09,0
clustered,matern,hybrid_m32_b64,hybrid,8192,256,32,64,10,40,36.305,2.313,26.240,26.177,29.409,38110.5,37832.6,0.077083,3825.394,145.79,0
clustered,matern,hybrid_m32_b64,hybrid,8192,256,32,64,10,80,36.305,2.313,46.346,44.802,54.114,21577.0,21730.5,0.097917,3825.394,82.54,0
clustered,matern,hybrid_m32_b64,hybrid,8192,256,32,64,10,160,36.305,2.313,307.933,248.808,722.552,3247.5,3271.7,0.118750,3825.394,12.42,0
clustered,matern,hybrid_m32_b64,hybrid,8192,256,32,64,10,8192,36.305,2.313,132.526,129.189,184.198,7545.7,7611.8,0.125000,3825.394,28.87,0
clustered,sobolev,hybrid_m32_b64,hybrid,8192,256,32,64,10,10,36.305,2.313,25.263,25.185,28.577,39583.8,40917.4,0.041667,3831.739,151.67,0
clustered,sobolev,hybrid_m32_b64,hybrid,8192,256,32,64,10,20,36.305,2.313,25.272,25.217,28.705,39569.2,39606.8,0.060417,3831.739,151.62,0
clustered,sobolev,hybrid_m32_b64,hybrid,8192,256,32,64,10,40,36.305,2.313,26.156,26.273,29.409,38231.9,38115.3,0.079167,3831.739,146.49,0
clustered,sobolev,hybrid_m32_b64,hybrid,8192,256,32,64,10,80,36.305,2.313,46.219,44.609,54.050,21636.2,21788.6,0.116667,3831.739,82.90,0
clustered,sobolev,hybrid_m32_b64,hybrid,8192,256,32,64,10,160,36.305,2.313,308.656,249.672,727.928,3239.9,3266.0,0.125000,3831.739,12.41,0
clustered,sobolev,hybrid_m32_b64,hybrid,8192,256,32,64,10,8192,36.305,2.313,135.835,131.044,182.246,7361.9,7381.9,0.135417,3831.739,28.21,0
clustered,identity,gray_m32_b32,gray,8192,256,32,32,10,10,21.287,1.157,4.229,4.192,4.833,236436.9,274213.6,0.043750,3828.191,905.13,0
clustered,identity,gray_m32_b32,gray,8192,256,32,32,10,20,21.287,1.157,4.658,4.384,4.736,214678.7,224981.4,0.062500,3828.191,821.83,0
clustered,identity,gray_m32_b32,gray,8192,256,32,32,10,40,21.287,1.157,5.722,5.249,5.888,174778.7,180022.7,0.072917,3828.191,669.09,0
clustered,identity,gray_m32_b32,gray,8192,256,32,32,10,80,21.287,1.157,7.334,6.753,7.552,136359.0,144768.9,0.108333,3828.191,522.01,0
clustered,identity,gray_m32_b32,gray,8192,256,32,32,10,160,21.287,1.157,9.542,9.056,9.761,104804.0,106198.7,0.152083,3828.191,401.21,0
clustered,identity,gray_m32_b32,gray,8192,256,32,32,10,8192,21.287,1.157,122.159,115.716,173.701,8186.0,8234.3,0.195833,3828.191,31.34,0
clustered,matern,gray_m32_b32,gray,8192,256,32,32,10,10,21.287,1.157,3.737,3.713,4.000,267609.2,286741.8,0.035417,3825.394,1023.71,0
clustered,matern,gray_m32_b32,gray,8192,256,32,32,10,20,21.287,1.157,4.527,4.193,4.384,220874.5,228407.2,0.045833,3825.394,844.93,0
clustered,matern,gray_m32_b32,gray,8192,256,32,32,10,40,21.287,1.157,5.547,5.088,5.408,180282.4,182631.7,0.050000,3825.394,689.65,0
clustered,matern,gray_m32_b32,gray,8192,256,32,32,10,80,21.287,1.157,7.169,6.432,6.976,139491.9,141544.9,0.077083,3825.394,533.61,0
clustered,matern,gray_m32_b32,gray,8192,256,32,32,10,160,21.287,1.157,9.952,8.832,12.896,100478.7,101156.8,0.102083,3825.394,384.37,0
clustered,matern,gray_m32_b32,gray,8192,256,32,32,10,8192,21.287,1.157,113.427,103.716,170.277,8816.2,8781.9,0.125000,3825.394,33.73,0
clustered,sobolev,gray_m32_b32,gray,8192,256,32,32,10,10,21.287,1.157,3.685,3.680,3.872,271387.3,289399.0,0.037500,3831.739,1039.89,0
clustered,sobolev,gray_m32_b32,gray,8192,256,32,32,10,20,21.287,1.157,4.441,4.192,4.416,225150.2,232262.2,0.050000,3831.739,862.72,0
clustered,sobolev,gray_m32_b32,gray,8192,256,32,32,10,40,21.287,1.157,5.523,5.089,5.440,181065.8,185913.9,0.056250,3831.739,693.80,0
clustered,sobolev,gray_m32_b32,gray,8192,256,32,32,10,80,21.287,1.157,6.820,6.432,6.784,146637.9,146408.0,0.083333,3831.739,561.88,0
clustered,sobolev,gray_m32_b32,gray,8192,256,32,32,10,160,21.287,1.157,9.212,8.737,9.280,108550.4,109517.5,0.102083,3831.739,415.94,0
clustered,sobolev,gray_m32_b32,gray,8192,256,32,32,10,8192,21.287,1.157,120.078,111.011,168.709,8327.9,8322.4,0.135417,3831.739,31.91,0
clustered,identity,gray_full,gray,8192,256,256,64,10,10,137.595,8.376,19.039,19.073,20.097,52522.9,56943.6,0.058333,3828.191,201.07,0
clustered,identity,gray_full,gray,8192,256,256,64,10,20,137.595,8.376,19.587,19.297,20.256,51055.1,53344.8,0.097917,3828.191,195.45,0
clustered,identity,gray_full,gray,8192,256,256,64,10,40,137.595,8.376,22.290,22.305,24.065,44863.0,46379.2,0.143750,3828.191,171.74,0
clustered,identity,gray_full,gray,8192,256,256,64,10,80,137.595,8.376,28.741,28.577,31.361,34793.5,35571.7,0.245833,3828.191,133.20,0
clustered,identity,gray_full,gray,8192,256,256,64,10,160,137.595,8.376,40.809,40.066,47.074,24504.2,25664.3,0.395833,3828.191,93.81,0
clustered,identity,gray_full,gray,8192,256,256,64,10,8192,137.595,8.376,876.978,874.557,899.294,1140.3,1151.9,1.000000,3828.191,4.37,0
clustered,matern,gray_full,gray,8192,256,256,64,10,10,137.595,8.376,18.590,18.561,19.585,53792.5,56476.2,0.043750,3825.394,205.78,0
clustered,matern,gray_full,gray,8192,256,256,64,10,20,137.595,8.376,19.133,19.200,19.905,52266.7,54294.9,0.079167,3825.394,199.94,0
clustered,matern,gray_full,gray,8192,256,256,64,10,40,137.595,8.376,22.093,22.369,23.233,45263.8,47644.7,0.116667,3825.394,173.15,0
clustered,matern,gray_full,gray,8192,256,256,64,10,80,137.595,8.376,28.533,28.833,31.137,35047.2,35987.3,0.212500,3825.394,134.07,0
clustered,matern,gray_full,gray,8192,256,256,64,10,160,137.595,8.376,41.660,41.569,48.418,24003.8,25792.7,0.339583,3825.394,91.82,0
clustered,matern,gray_full,gray,8192,256,256,64,10,8192,137.595,8.376,899.017,897.022,925.535,1112.3,1153.6,1.000000,3825.394,4.26,0
clustered,sobolev,gray_full,gray,8192,256,256,64,10,10,137.595,8.376,18.847,18.625,19.616,53059.9,56657.4,0.045833,3831.739,203.31,0
clustered,sobolev,gray_full,gray,8192,256,256,64,10,20,137.595,8.376,19.503,19.521,20.736,51275.0,52921.4,0.077083,3831.739,196.47,0
clustered,sobolev,gray_full,gray,8192,256,256,64,10,40,137.595,8.376,22.312,22.496,23.200,44818.8,45527.5,0.104167,3831.739,171.73,0
clustered,sobolev,gray_full,gray,8192,256,256,64,10,80,137.595,8.376,28.819,28.801,31.553,34699.4,36056.5,0.220833,3831.739,132.96,0
clustered,sobolev,gray_full,gray,8192,256,256,64,10,160,137.595,8.376,40.390,40.353,46.209,24758.6,25961.5,0.366667,3831.739,94.87,0
clustered,sobolev,gray_full,gray,8192,256,256,64,10,8192,137.595,8.376,889.750,888.062,919.614,1123.9,1147.1,1.000000,3831.739,4.31,0
clustered,identity,hamming_m32_b64,hamming,8192,256,32,64,10,10,35.705,1.188,67.006,66.562,76.418,14924.0,15140.3,0.056250,3828.191,57.13,0
clustered,identity,hamming_m32_b64,hamming,8192,256,32,64,10,20,35.705,1.188,66.746,66.818,75.971,14982.1,15047.6,0.089583,3828.191,57.35,0
clustered,identity,hamming_m32_b64,hamming,8192,256,32,64,10,40,35.705,1.188,67.352,66.339,76.610,14847.3,14897.6,0.131250,3828.191,56.84,0
clustered,identity,hamming_m32_b64,hamming,8192,256,32,64,10,80,35.705,1.188,69.550,70.690,79.075,14378.2,14549.9,0.170833,3828.191,55.04,0
clustered,identity,hamming_m32_b64,hamming,8192,256,32,64,10,160,35.705,1.188,71.962,72.450,80.834,13896.3,14046.7,0.183333,3828.191,53.20,0
clustered,identity,hamming_m32_b64,hamming,8192,256,32,64,10,8192,35.705,1.188,131.481,129.445,168.773,7605.7,7590.5,0.195833,3828.191,29.12,0
clustered,matern,hamming_m32_b64,hamming,8192,256,32,64,10,10,35.705,1.188,65.960,64.802,75.427,15160.7,15211.7,0.041667,3825.394,58.00,0
clustered,matern,hamming_m32_b64,hamming,8192,256,32,64,10,20,35.705,1.188,66.404,66.562,76.003,15059.4,15044.5,0.062500,3825.394,57.61,0
clustered,matern,hamming_m32_b64,hamming,8192,256,32,64,10,40,35.705,1.188,67.114,66.242,76.483,14900.1,14830.6,0.079167,3825.394,57.00,0
clustered,matern,hamming_m32_b64,hamming,8192,256,32,64,10,80,35.705,1.188,69.404,70.307,79.074,14408.5,14570.4,0.102083,3825.394,55.12,0
clustered,matern,hamming_m32_b64,hamming,8192,256,32,64,10,160,35.705,1.188,71.950,72.514,81.507,13898.6,14064.0,0.120833,3825.394,53.17,0
clustered,matern,hamming_m32_b64,hamming,8192,256,32,64,10,8192,35.705,1.188,126.014,121.668,175.590,7935.7,7873.6,0.125000,3825.394,30.36,0
clustered,sobolev,hamming_m32_b64,hamming,8192,256,32,64,10,10,35.705,1.188,65.857,64.866,75.522,15184.4,15194.0,0.043750,3831.739,58.18,0
clustered,sobolev,hamming_m32_b64,hamming,8192,256,32,64,10,20,35.705,1.188,66.377,66.179,76.131,15065.5,15049.0,0.064583,3831.739,57.73,0
clustered,sobolev,hamming_m32_b64,hamming,8192,256,32,64,10,40,35.705,1.188,66.995,68.290,76.482,14926.5,14905.0,0.087500,3831.739,57.19,0
clustered,sobolev,hamming_m32_b64,hamming,8192,256,32,64,10,80,35.705,1.188,69.240,70.595,78.754,14442.6,14565.2,0.122917,3831.739,55.34,0
clustered,sobolev,hamming_m32_b64,hamming,8192,256,32,64,10,160,35.705,1.188,71.966,72.899,80.643,13895.5,14078.6,0.131250,3831.739,53.24,0
clustered,sobolev,hamming_m32_b64,hamming,8192,256,32,64,10,8192,35.705,1.188,130.972,126.565,169.766,7635.2,7618.7,0.135417,3831.739,29.26,0
clustered,identity,posterior_m32_b64,posterior,8192,256,32,64,10,10,35.739,1.188,111.388,112.004,115.587,8977.7,9065.1,0.058333,3828.191,34.37,0
clustered,identity,posterior_m32_b64,posterior,8192,256,32,64,10,20,35.739,1.188,111.290,111.939,115.876,8985.6,9011.3,0.085417,3828.191,34.40,0
clustered,identity,posterior_m32_b64,posterior,8192,256,32,64,10,40,35.739,1.188,112.260,113.124,116.452,8907.9,8935.6,0.125000,3828.191,34.10,0
clustered,identity,posterior_m32_b64,posterior,8192,256,32,64,10,80,35.739,1.188,113.807,114.148,118.756,8786.8,8807.1,0.162500,3828.191,33.64,0
clustered,identity,posterior_m32_b64,posterior,8192,256,32,64,10,160,35.739,1.188,116.607,116.931,120.708,8575.8,8636.8,0.175000,3828.191,32.83,0
clustered,identity,posterior_m32_b64,posterior,8192,256,32,64,10,8192,35.739,1.188,131.302,128.101,169.285,7616.0,7603.0,0.195833,3828.191,29.16,0
clustered,matern,posterior_m32_b64,posterior,8192,256,32,64,10,10,35.739,1.188,110.271,110.660,114.788,9068.6,9075.4,0.039583,3825.394,34.69,0
clustered,matern,posterior_m32_b64,posterior,8192,256,32,64,10,20,35.739,1.188,110.850,111.299,115.556,9021.2,9019.6,0.054167,3825.394,34.51,0
clustered,matern,posterior_m32_b64,posterior,8192,256,32,64,10,40,35.739,1.188,112.007,112.228,116.868,8928.0,8959.7,0.066667,3825.394,34.15,0
clustered,matern,posterior_m32_b64,posterior,8192,256,32,64,10,80,35.739,1.188,113.556,113.796,117.860,8806.2,8819.7,0.075000,3825.394,33.69,0
clustered,matern,posterior_m32_b64,posterior,8192,256,32,64,10,160,35.739,1.188,116.513,116.420,121.540,8582.8,8642.9,0.108333,3825.394,32.83,0
clustered,matern,posterior_m32_b64,posterior,8192,256,32,64,10,8192,35.739,1.188,126.012,121.156,173.414,7935.8,7907.0,0.125000,3825.394,30.36,0
clustered,sobolev,posterior_m32_b64,posterior,8192,256,32,64,10,10,35.739,1.188,110.643,110.499,115.524,9038.1,9039.9,0.043750,3831.739,34.63,0
clustered,sobolev,posterior_m32_b64,posterior,8192,256,32,64,10,20,35.739,1.188,111.074,111.460,116.228,9003.0,8991.4,0.064583,3831.739,34.50,0
clustered,sobolev,posterior_m32_b64,posterior,8192,256,32,64,10,40,35.739,1.188,112.348,112.484,117.028,8900.9,8915.4,0.089583,3831.739,34.11,0
clustered,sobolev,posterior_m32_b64,posterior,8192,256,32,64,10,80,35.739,1.188,113.905,114.308,118.884,8779.2,8806.2,0.114583,3831.739,33.64,0
clustered,sobolev,posterior_m32_b64,posterior,8192,256,32,64,10,160,35.739,1.188,116.464,116.644,121.764,8586.4,8616.5,0.125000,3831.739,32.90,0
clustered,sobolev,posterior_m32_b64,posterior,8192,256,32,64,10,8192,35.739,1.188,130.268,125.764,168.646,7676.5,7660.4,0.135417,3831.739,29.41,0
clustered,identity,hamming_full,hamming,8192,256,256,64,10,10,138.183,8.376,79.948,80.674,89.123,12508.1,12802.0,0.056250,3828.191,47.88,0
clustered,identity,hamming_full,hamming,8192,256,256,64,10,20,138.183,8.376,80.159,81.251,89.219,12475.2,12640.1,0.100000,3828.191,47.76,0
clustered,identity,hamming_full,hamming,8192,256,256,64,10,40,138.183,8.376,83.212,82.626,91.747,12017.5,11897.9,0.164583,3828.191,46.01,0
clustered,identity,hamming_full,hamming,8192,256,256,64,10,80,138.183,8.376,91.012,89.955,101.123,10987.5,11139.6,0.277083,3828.191,42.06,0
clustered,identity,hamming_full,hamming,8192,256,256,64,10,160,138.183,8.376,102.808,104.100,112.387,9726.9,9817.1,0.429167,3828.191,37.24,0
clustered,identity,hamming_full,hamming,8192,256,256,64,10,8192,138.183,8.376,883.734,881.246,912.990,1131.6,1146.8,1.000000,3828.191,4.33,0
clustered,matern,hamming_full,hamming,8192,256,256,64,10,10,138.183,8.376,79.299,80.195,88.259,12610.5,12863.6,0.041667,3825.394,48.24,0
clustered,matern,hamming_full,hamming,8192,256,256,64,10,20,138.183,8.376,80.861,81.634,89.475,12366.8,12572.2,0.079167,3825.394,47.31,0
clustered,matern,hamming_full,hamming,8192,256,256,64,10,40,138.183,8.376,83.164,82.659,91.971,12024.4,12263.7,0.122917,3825.394,46.00,0
clustered,matern,hamming_full,hamming,8192,256,256,64,10,80,138.183,8.376,89.381,90.211,99.139,11188.1,10983.6,0.220833,3825.394,42.80,0
clustered,matern,hamming_full,hamming,8192,256,256,64,10,160,138.183,8.376,103.318,103.171,114.404,9678.8,9811.9,0.370833,3825.394,37.03,0
clustered,matern,hamming_full,hamming,8192,256,256,64,10,8192,138.183,8.376,896.596,898.077,926.687,1115.3,1147.1,1.000000,3825.394,4.27,0
clustered,sobolev,hamming_full,hamming,8192,256,256,64,10,10,138.183,8.376,79.163,80.675,88.259,12632.2,12870.4,0.043750,3831.739,48.40,0
clustered,sobolev,hamming_full,hamming,8192,256,256,64,10,20,138.183,8.376,80.043,81.091,89.955,12493.2,12687.8,0.077083,3831.739,47.87,0
clustered,sobolev,hamming_full,hamming,8192,256,256,64,10,40,138.183,8.376,83.972,83.299,95.139,11908.7,12304.2,0.133333,3831.739,45.63,0
clustered,sobolev,hamming_full,hamming,8192,256,256,64,10,80,138.183,8.376,89.028,89.347,99.043,11232.4,11337.1,0.247917,3831.739,43.04,0
clustered,sobolev,hamming_full,hamming,8192,256,256,64,10,160,138.183,8.376,101.825,100.739,115.172,9820.8,9746.9,0.393750,3831.739,37.63,0
clustered,sobolev,hamming_full,hamming,8192,256,256,64,10,8192,138.183,8.376,915.426,906.814,943.231,1092.4,1128.8,1.000000,3831.739,4.19,0
clustered,identity,posterior_full,posterior,8192,256,256,64,10,10,137.806,8.376,124.543,124.932,129.028,8029.3,8129.2,0.058333,3828.191,30.74,0
clustered,identity,posterior_full,posterior,8192,256,256,64,10,20,137.806,8.376,125.104,125.540,129.796,7993.4,8024.3,0.095833,3828.191,30.60,0
clustered,identity,posterior_full,posterior,8192,256,256,64,10,40,137.806,8.376,129.352,130.052,134.052,7730.9,7783.5,0.152083,3828.191,29.60,0
clustered,identity,posterior_full,posterior,8192,256,256,64,10,80,137.806,8.376,135.183,135.589,141.220,7397.4,7338.4,0.264583,3828.191,28.32,0
clustered,identity,posterior_full,posterior,8192,256,256,64,10,160,137.806,8.376,147.732,148.421,152.421,6769.0,6892.7,0.429167,3828.191,25.91,0
clustered,identity,posterior_full,posterior,8192,256,256,64,10,8192,137.806,8.376,884.005,882.557,915.998,1131.2,1151.7,1.000000,3828.191,4.33,0
clustered,matern,posterior_full,posterior,8192,256,256,64,10,10,137.806,8.376,123.629,123.365,128.452,8088.7,8164.2,0.039583,3825.394,30.94,0
clustered,matern,posterior_full,posterior,8192,256,256,64,10,20,137.806,8.376,125.470,126.692,130.628,7970.1,8050.4,0.070833,3825.394,30.49,0
clustered,matern,posterior_full,posterior,8192,256,256,64,10,40,137.806,8.376,128.216,128.389,133.637,7799.3,7781.3,0.118750,3825.394,29.84,0
clustered,matern,posterior_full,posterior,8192,256,256,64,10,80,137.806,8.376,135.526,135.973,141.604,7378.6,7478.7,0.214583,3825.394,28.23,0
clustered,matern,posterior_full,posterior,8192,256,256,64,10,160,137.806,8.376,145.742,146.245,152.869,6861.4,6892.8,0.375000,3825.394,26.25,0
clustered,matern,posterior_full,posterior,8192,256,256,64,10,8192,137.806,8.376,891.731,891.389,918.974,1121.4,1153.3,1.000000,3825.394,4.29,0
clustered,sobolev,posterior_full,posterior,8192,256,256,64,10,10,137.806,8.376,124.103,124.068,129.380,8057.8,8174.2,0.047917,3831.739,30.88,0
clustered,sobolev,posterior_full,posterior,8192,256,256,64,10,20,137.806,8.376,124.552,124.612,129.764,8028.8,8050.1,0.083333,3831.739,30.76,0
clustered,sobolev,posterior_full,posterior,8192,256,256,64,10,40,137.806,8.376,129.016,129.316,135.652,7751.0,7820.6,0.129167,3831.739,29.70,0
clustered,sobolev,posterior_full,posterior,8192,256,256,64,10,80,137.806,8.376,134.882,135.013,140.676,7413.9,7345.5,0.245833,3831.739,28.41,0
clustered,sobolev,posterior_full,posterior,8192,256,256,64,10,160,137.806,8.376,147.336,146.949,153.381,6787.2,6891.3,0.400000,3831.739,26.01,0
clustered,sobolev,posterior_full,posterior,8192,256,256,64,10,8192,137.806,8.376,886.268,879.101,915.582,1128.3,1153.3,1.000000,3831.739,4.32,0
clustered,identity,lm2_ham_full,hamming,8192,256,256,64,10,10,257.701,8.376,77.161,75.970,87.011,12959.9,13418.4,0.054167,3828.191,49.61,0
clustered,identity,lm2_ham_full,hamming,8192,256,256,64,10,20,257.701,8.376,77.455,77.475,87.971,12910.8,13172.8,0.100000,3828.191,49.42,0
clustered,identity,lm2_ham_full,hamming,8192,256,256,64,10,40,257.701,8.376,80.905,80.067,91.651,12360.2,12280.2,0.170833,3828.191,47.32,0
clustered,identity,lm2_ham_full,hamming,8192,256,256,64,10,80,257.701,8.376,89.720,88.227,100.835,11145.8,11406.6,0.266667,3828.191,42.67,0
clustered,identity,lm2_ham_full,hamming,8192,256,256,64,10,160,257.701,8.376,100.591,99.843,111.811,9941.3,10084.4,0.425000,3828.191,38.06,0
clustered,identity,lm2_ham_full,hamming,8192,256,256,64,10,8192,257.701,8.376,888.037,886.206,912.479,1126.1,1156.9,1.000000,3828.191,4.31,0
clustered,matern,lm2_ham_full,hamming,8192,256,256,64,10,10,257.701,8.376,76.782,75.362,87.171,13023.9,13353.8,0.050000,3825.394,49.82,0
clustered,matern,lm2_ham_full,hamming,8192,256,256,64,10,20,257.701,8.376,77.454,76.770,87.555,12910.9,12925.3,0.087500,3825.394,49.39,0
clustered,matern,lm2_ham_full,hamming,8192,256,256,64,10,40,257.701,8.376,81.633,80.642,91.619,12250.0,12478.0,0.145833,3825.394,46.86,0
clustered,matern,lm2_ham_full,hamming,8192,256,256,64,10,80,257.701,8.376,87.970,87.139,99.619,11367.6,11603.3,0.233333,3825.394,43.49,0
clustered,matern,lm2_ham_full,hamming,8192,256,256,64,10,160,257.701,8.376,101.629,100.771,113.444,9839.7,10207.6,0.400000,3825.394,37.64,0
clustered,matern,lm2_ham_full,hamming,8192,256,256,64,10,8192,257.701,8.376,901.135,902.302,920.190,1109.7,1140.7,1.000000,3825.394,4.25,0
clustered,sobolev,lm2_ham_full,hamming,8192,256,256,64,10,10,257.701,8.376,76.453,76.290,86.819,13080.0,13363.2,0.047917,3831.739,50.12,0
clustered,sobolev,lm2_ham_full,hamming,8192,256,256,64,10,20,257.701,8.376,77.330,76.834,87.459,12931.6,13092.5,0.085417,3831.739,49.55,0
clustered,sobolev,lm2_ham_full,hamming,8192,256,256,64,10,40,257.701,8.376,80.703,80.547,91.875,12391.1,12292.3,0.141667,3831.739,47.48,0
clustered,sobolev,lm2_ham_full,hamming,8192,256,256,64,10,80,257.701,8.376,88.671,88.003,101.187,11277.6,11469.5,0.237500,3831.739,43.21,0
clustered,sobolev,lm2_ham_full,hamming,8192,256,256,64,10,160,257.701,8.376,99.659,98.851,112.772,10034.3,10170.3,0.404167,3831.739,38.45,0
clustered,sobolev,lm2_ham_full,hamming,8192,256,256,64,10,8192,257.701,8.376,893.794,888.317,931.134,1118.8,1153.1,1.000000,3831.739,4.29,0
clustered,identity,lm2_post_full,posterior,8192,256,256,64,10,10,258.093,8.376,180.487,179.366,186.599,5540.6,5618.0,0.033333,3828.191,21.21,0
clustered,identity,lm2_post_full,posterior,8192,256,256,64,10,20,258.093,8.376,181.199,180.582,187.526,5518.8,5575.9,0.062500,3828.191,21.13,0
clustered,identity,lm2_post_full,posterior,8192,256,256,64,10,40,258.093,8.376,184.357,183.846,190.470,5424.3,5443.7,0.120833,3828.191,20.77,0
clustered,identity,lm2_post_full,posterior,8192,256,256,64,10,80,258.093,8.376,190.069,189.447,196.967,5261.2,5248.9,0.208333,3828.191,20.14,0
clustered,identity,lm2_post_full,posterior,8192,256,256,64,10,160,258.093,8.376,202.041,201.511,209.703,4949.5,4952.3,0.379167,3828.191,18.95,0
clustered,identity,lm2_post_full,posterior,8192,256,256,64,10,8192,258.093,8.376,895.454,895.261,915.167,1116.8,1163.1,1.000000,3828.191,4.28,0
clustered,matern,lm2_post_full,posterior,8192,256,256,64,10,10,258.093,8.376,180.554,179.782,186.791,5538.5,5599.5,0.027083,3825.394,21.19,0
clustered,matern,lm2_post_full,posterior,8192,256,256,64,10,20,258.093,8.376,180.739,180.326,186.598,5532.8,5542.0,0.050000,3825.394,21.17,0
clustered,matern,lm2_post_full,posterior,8192,256,256,64,10,40,258.093,8.376,184.073,183.942,189.351,5432.6,5419.5,0.100000,3825.394,20.78,0
clustered,matern,lm2_post_full,posterior,8192,256,256,64,10,80,258.093,8.376,190.539,190.055,197.511,5248.3,5292.5,0.202083,3825.394,20.08,0
clustered,matern,lm2_post_full,posterior,8192,256,256,64,10,160,258.093,8.376,202.013,201.991,209.511,4950.2,5020.7,0.347917,3825.394,18.94,0
clustered,matern,lm2_post_full,posterior,8192,256,256,64,10,8192,258.093,8.376,888.757,888.606,914.846,1125.2,1157.8,1.000000,3825.394,4.30,0
clustered,sobolev,lm2_post_full,posterior,8192,256,256,64,10,10,258.093,8.376,180.279,179.398,186.758,5547.0,5595.7,0.025000,3831.739,21.25,0
clustered,sobolev,lm2_post_full,posterior,8192,256,256,64,10,20,258.093,8.376,180.777,180.101,186.822,5531.7,5554.1,0.047917,3831.739,21.20,0
clustered,sobolev,lm2_post_full,posterior,8192,256,256,64,10,40,258.093,8.376,184.274,183.783,190.822,5426.7,5480.7,0.102083,3831.739,20.79,0
clustered,sobolev,lm2_post_full,posterior,8192,256,256,64,10,80,258.093,8.376,191.360,191.367,198.215,5225.8,5299.2,0.208333,3831.739,20.02,0
clustered,sobolev,lm2_post_full,posterior,8192,256,256,64,10,160,258.093,8.376,201.286,200.999,207.591,4968.1,4991.9,0.360417,3831.739,19.04,0
clustered,sobolev,lm2_post_full,posterior,8192,256,256,64,10,8192,258.093,8.376,897.558,895.965,920.670,1114.1,1159.1,1.000000,3831.739,4.27,0
clustered,identity,signmag_ham_full,hamming,8192,256,256,64,10,10,260.614,8.376,104.132,104.868,115.779,9603.2,10004.8,0.091667,3828.191,36.76,0
clustered,identity,signmag_ham_full,hamming,8192,256,256,64,10,20,260.614,8.376,104.069,104.708,116.676,9609.0,9757.5,0.141667,3828.191,36.79,0
clustered,identity,signmag_ham_full,hamming,8192,256,256,64,10,40,260.614,8.376,110.217,109.539,122.820,9073.0,9080.0,0.193750,3828.191,34.73,0
clustered,identity,signmag_ham_full,hamming,8192,256,256,64,10,80,260.614,8.376,123.331,122.340,136.164,8108.2,8167.4,0.285417,3828.191,31.04,0
clustered,identity,signmag_ham_full,hamming,8192,256,256,64,10,160,260.614,8.376,147.898,146.789,164.454,6761.4,6828.3,0.464583,3828.191,25.88,0
clustered,identity,signmag_ham_full,hamming,8192,256,256,64,10,8192,260.614,8.376,948.022,954.431,987.937,1054.8,1140.1,1.000000,3828.191,4.04,0
clustered,matern,signmag_ham_full,hamming,8192,256,256,64,10,10,260.614,8.376,103.031,103.812,115.108,9705.8,10019.8,0.087500,3825.394,37.13,0
clustered,matern,signmag_ham_full,hamming,8192,256,256,64,10,20,260.614,8.376,103.757,103.107,117.060,9637.9,9817.6,0.125000,3825.394,36.87,0
clustered,matern,signmag_ham_full,hamming,8192,256,256,64,10,40,260.614,8.376,109.293,109.764,121.316,9149.7,9353.5,0.172917,3825.394,35.00,0
clustered,matern,signmag_ham_full,hamming,8192,256,256,64,10,80,260.614,8.376,121.039,120.164,133.605,8261.8,8296.2,0.252083,3825.394,31.60,0
clustered,matern,signmag_ham_full,hamming,8192,256,256,64,10,160,260.614,8.376,143.837,142.532,157.445,6952.3,6950.5,0.391667,3825.394,26.60,0
clustered,matern,signmag_ham_full,hamming,8192,256,256,64,10,8192,260.614,8.376,948.651,948.159,986.432,1054.1,1146.5,1.000000,3825.394,4.03,0
clustered,sobolev,signmag_ham_full,hamming,8192,256,256,64,10,10,260.614,8.376,102.843,103.491,114.436,9723.5,10002.9,0.085417,3831.739,37.26,0
clustered,sobolev,signmag_ham_full,hamming,8192,256,256,64,10,20,260.614,8.376,103.901,104.355,116.676,9624.5,9822.6,0.127083,3831.739,36.88,0
clustered,sobolev,signmag_ham_full,hamming,8192,256,256,64,10,40,260.614,8.376,108.918,108.068,121.060,9181.2,9346.8,0.168750,3831.739,35.18,0
clustered,sobolev,signmag_ham_full,hamming,8192,256,256,64,10,80,260.614,8.376,121.470,121.348,134.469,8232.5,8403.8,0.252083,3831.739,31.54,0
clustered,sobolev,signmag_ham_full,hamming,8192,256,256,64,10,160,260.614,8.376,143.427,140.772,158.310,6972.2,6941.5,0.395833,3831.739,26.72,0
clustered,sobolev,signmag_ham_full,hamming,8192,256,256,64,10,8192,260.614,8.376,972.238,969.728,995.585,1028.6,1118.9,1.000000,3831.739,3.94,0
clustered,identity,signmag_post_full,posterior,8192,256,256,64,10,10,260.734,8.376,359.800,359.308,365.933,2779.3,2805.8,0.025000,3828.191,10.64,0
clustered,identity,signmag_post_full,posterior,8192,256,256,64,10,20,260.734,8.376,359.301,358.540,364.172,2783.2,2791.7,0.062500,3828.191,10.65,0
clustered,identity,signmag_post_full,posterior,8192,256,256,64,10,40,260.734,8.376,364.640,365.293,370.124,2742.4,2747.2,0.125000,3828.191,10.50,0
clustered,identity,signmag_post_full,posterior,8192,256,256,64,10,80,260.734,8.376,375.448,374.988,384.941,2663.5,2679.5,0.227083,3828.191,10.20,0
clustered,identity,signmag_post_full,posterior,8192,256,256,64,10,160,260.734,8.376,395.765,395.437,406.670,2526.8,2538.2,0.400000,3828.191,9.67,0
clustered,identity,signmag_post_full,posterior,8192,256,256,64,10,8192,260.734,8.376,948.123,944.575,984.225,1054.7,1149.4,1.000000,3828.191,4.04,0
clustered,matern,signmag_post_full,posterior,8192,256,256,64,10,10,260.734,8.376,359.103,359.020,365.644,2784.7,2809.1,0.022917,3825.394,10.65,0
clustered,matern,signmag_post_full,posterior,8192,256,256,64,10,20,260.734,8.376,359.051,359.276,363.308,2785.1,2795.2,0.045833,3825.394,10.65,0
clustered,matern,signmag_post_full,posterior,8192,256,256,64,10,40,260.734,8.376,363.694,364.044,369.420,2749.6,2762.1,0.085417,3825.394,10.52,0
clustered,matern,signmag_post_full,posterior,8192,256,256,64,10,80,260.734,8.376,372.344,372.429,381.005,2685.7,2676.2,0.181250,3825.394,10.27,0
clustered,matern,signmag_post_full,posterior,8192,256,256,64,10,160,260.734,8.376,392.260,392.781,403.086,2549.3,2558.2,0.335417,3825.394,9.75,0
clustered,matern,signmag_post_full,posterior,8192,256,256,64,10,8192,260.734,8.376,950.808,958.303,995.809,1051.7,1144.8,1.000000,3825.394,4.02,0
clustered,sobolev,signmag_post_full,posterior,8192,256,256,64,10,10,260.734,8.376,358.905,358.252,366.316,2786.3,2812.3,0.018750,3831.739,10.68,0
clustered,sobolev,signmag_post_full,posterior,8192,256,256,64,10,20,260.734,8.376,358.576,358.476,363.564,2788.8,2795.9,0.052083,3831.739,10.69,0
clustered,sobolev,signmag_post_full,posterior,8192,256,256,64,10,40,260.734,8.376,364.868,364.108,371.116,2740.7,2757.7,0.102083,3831.739,10.50,0
clustered,sobolev,signmag_post_full,posterior,8192,256,256,64,10,80,260.734,8.376,374.461,374.700,383.212,2670.5,2681.2,0.197917,3831.739,10.23,0
clustered,sobolev,signmag_post_full,posterior,8192,256,256,64,10,160,260.734,8.376,394.466,393.709,403.789,2535.1,2536.6,0.368750,3831.739,9.71,0
clustered,sobolev,signmag_post_full,posterior,8192,256,256,64,10,8192,260.734,8.376,956.438,954.912,983.681,1045.5,1134.6,1.000000,3831.739,4.01,0
